dataset,model,representation,kind,accuracy,f1_weighted,f1_macro,roc_auc,error_rate
DAIGT V2,RidgeClassifier,char3-5,classical,0.9941411831951986,0.9941408691145084,0.9941405101651482,0.9995474817810366,0.005858816804801381
DAIGT V2,LinearSVC,char3-5,classical,0.9935695913118033,0.9935693285392436,0.9935689660943336,0.9995213435445621,0.006430408688196665
DAIGT V2,LightGBM,TF-IDF-s,classical,0.9925693055158616,0.9925687446279626,0.9925682347298725,0.9994547727235414,0.007430694484138356
DAIGT V2,SGD [hinge],char3-5,classical,0.9918548156616176,0.9918543790128532,0.9918538799856939,0.9991074609063875,0.008145184338382405
DAIGT V2,DeBERTa,raw subword,transformer,0.9917,0.9917,,,0.0083
DAIGT V2,BERT,raw subword,transformer,0.9916,0.9916,,,0.0084
DAIGT V2,MLP [adam],TF-IDF-s,classical,0.9909974278365247,0.9909969040386075,0.9909963377705892,0.9992107886224504,0.00900257216347533
DAIGT V2,LinearSVC,TF-IDF,classical,0.9909974278365247,0.9909968613810436,0.990996280401063,0.9991919200829954,0.00900257216347533
DAIGT V2,RidgeClassifier,TF-IDF,classical,0.9909974278365247,0.9909965745325916,0.990995905274605,0.9991715812677388,0.00900257216347533
DAIGT V2,PassiveAggressive,TF-IDF,classical,0.9907116318948271,0.9907113570452157,0.9907108790458918,0.9990925947843927,0.009288368105172862
DAIGT V2,SGD [modified_huber],TF-IDF,classical,0.9894255501571878,0.9894249100656847,0.9894242362851551,0.9990680901876978,0.010574449842812195
DAIGT V2,LogReg [lbfgs],BoW,classical,0.9892826521863389,0.9892822142320727,0.9892816101572228,0.9988093216466011,0.010717347813661071
DAIGT V2,LogReg [liblinear],BoW,classical,0.9892826521863389,0.9892822142320727,0.9892816101572228,0.9988430563080509,0.010717347813661071
DAIGT V2,LogReg [liblinear],char3-5,classical,0.9892826521863389,0.9892818710135723,0.9892811443412315,0.9985511248794272,0.010717347813661071
DAIGT V2,LogReg [lbfgs],char3-5,classical,0.9888539582737925,0.9888531743107946,0.988852427679368,0.998369219089963,0.011146041726207478
DAIGT V2,SGD [hinge],TF-IDF,classical,0.9882823663903972,0.9882811516261034,0.9882802518007006,0.9988229625387612,0.011717633609602762
DAIGT V2,SGD [hinge],BoW,classical,0.9874249785653044,0.9874244392737626,0.9874237202183735,0.9982092857555351,0.012575021434695577
DAIGT V2,SGD [log_loss],BoW,classical,0.9872820805944555,0.9872815608887263,0.9872808440532378,0.9983939687326248,0.012717919405544453
DAIGT V2,LinearSVC,BoW,classical,0.9869962846527579,0.986996027333572,0.9869954218766641,0.9983684839520621,0.013003715347242095
DAIGT V2,ExtraTrees,TF-IDF-s,classical,0.9864246927693626,0.986422984550655,0.98642186440724,0.9981839234979559,0.013575307230637379
DAIGT V2,LogReg [liblinear],TF-IDF,classical,0.9859959988568162,0.9859945470653431,0.9859934716642518,0.9983673404042164,0.014004001143183786
DAIGT V2,LogReg [saga],TF-IDF,classical,0.9859959988568162,0.9859945470653431,0.9859934716642518,0.9983668503122826,0.014004001143183786
DAIGT V2,LogReg [lbfgs],TF-IDF,classical,0.9857102029151186,0.9857086339287053,0.9857075132241244,0.9983541896039902,0.014289797084881428
DAIGT V2,SGD [log_loss],char3-5,classical,0.9855673049442698,0.985565764784067,0.9855646446675559,0.9978559294711964,0.014432695055730194
DAIGT V2,RandomForest,TF-IDF-s,classical,0.9827093455272935,0.9827064322748961,0.9827048359722124,0.9976385736985138,0.0172906544727065
DAIGT V2,SGD [log_loss],TF-IDF,classical,0.9818519577022007,0.981848618214045,0.9818468834150031,0.9975387583079771,0.018148042297799316
DAIGT V2,RidgeClassifier,BoW,classical,0.9694198342383538,0.9694197243365631,0.969419824247282,0.9930511498332748,0.03058016576164624
DAIGT V2,AdaBoost,TF-IDF-s,classical,0.9625607316376108,0.9625609609928752,0.9625600435718173,0.9935246603234067,0.0374392683623892
DAIGT V2,MultinomialNB,BoW,classical,0.9591311803372392,0.9590981000829996,0.9590907489153906,0.9918040292254889,0.04086881966276079
DAIGT V2,ComplementNB,BoW,classical,0.9591311803372392,0.9590981000829996,0.9590907489153906,0.9918040292254889,0.04086881966276079
DAIGT V2,ComplementNB,TF-IDF,classical,0.9581308945412975,0.9581258997201906,0.9581225134007961,0.9914692147526495,0.04186910545870248
DAIGT V2,MultinomialNB,TF-IDF,classical,0.9577022006287511,0.9576975564289677,0.9576942391434082,0.9914692147526495,0.04229779937124889
DAIGT V2,BernoulliNB,BoW,classical,0.956987710774507,0.9569734397755141,0.9569682027116636,0.9903258711118658,0.04301228922549305
DAIGT V2,BernoulliNB,TF-IDF,classical,0.956987710774507,0.9569734397755141,0.9569682027116636,0.9903258711118658,0.04301228922549305
DAIGT V2,MultinomialNB,char3-5,classical,0.9544155472992284,0.9544106828328451,0.9544071450391121,0.9908918864545205,0.045584452700771605
DAIGT V2,ComplementNB,char3-5,classical,0.9544155472992284,0.9544103997689763,0.954406787467045,0.9908918864545205,0.045584452700771605
DAIGT V2,MLP [sgd],TF-IDF-s,classical,0.9396970563018006,0.9396576200629262,0.9396477610032077,0.9832867215063203,0.06030294369819944
DAIGT V2,BernoulliNB,char3-5,classical,0.9396970563018006,0.9396217037965184,0.9396084840587499,0.9809617253719205,0.06030294369819944
DAIGT V2,DecisionTree [gini],TF-IDF-s,classical,0.912403543869677,0.9124006369736707,0.9123959859400608,0.9123802613513255,0.08759645613032296
DAIGT V2,DecisionTree [entropy],TF-IDF-s,classical,0.9044012575021435,0.9043980850495689,0.9043930091254496,0.9043777135267252,0.09559874249785649
HC3,DeBERTa,raw subword,transformer,0.9972,0.9972,,,0.0028
HC3,BERT,raw subword,transformer,0.9916,0.9916,,,0.0084
HC3,LinearSVC,char3-5,classical,0.9890048453224003,0.989004588711009,0.9890046769211748,0.9994996151085814,0.010995154677599706
HC3,RidgeClassifier,char3-5,classical,0.9831345508758852,0.9831322435716627,0.9831326140876693,0.9988774680413358,0.016865449124114806
HC3,LogReg [lbfgs],char3-5,classical,0.9824822959373836,0.9824802321067144,0.9824805868276105,0.9986413411065251,0.017517704062616435
HC3,LogReg [liblinear],char3-5,classical,0.9822959373835259,0.9822936302021765,0.9822940089931443,0.9987219833690094,0.01770406261647406
HC3,SGD [hinge],char3-5,classical,0.9805255311218785,0.9805206639651528,0.980521255553263,0.9987194481040821,0.019474468878121542
HC3,SGD [log_loss],char3-5,classical,0.9754006708907939,0.9753935423001103,0.975394350696992,0.9970493683804189,0.024599329109206147
HC3,LightGBM,TF-IDF-s,classical,0.9652441297055535,0.9652440455134523,0.9652441052626853,0.9939907969883137,0.03475587029444649
HC3,LogReg [lbfgs],BoW,classical,0.9550875885203131,0.9550873514298579,0.955087025430482,0.9865446370724843,0.04491241147968694
HC3,LogReg [liblinear],BoW,classical,0.9539694371971673,0.9539693093065168,0.9539690279470856,0.9866894250105969,0.046030562802832686
HC3,ExtraTrees,TF-IDF-s,classical,0.9479127841967946,0.9479086708079729,0.947909516551469,0.9878917830848165,0.05208721580320541
HC3,LinearSVC,BoW,classical,0.9475400670890793,0.9475400329283055,0.9475400629897865,0.9818156907546355,0.05245993291092066
HC3,LinearSVC,TF-IDF,classical,0.9449310473350727,0.944925319335036,0.9449263607895881,0.9863092220956325,0.055068952664927284
HC3,ComplementNB,char3-5,classical,0.9449310473350727,0.9448789908990196,0.9448823493787649,0.9817495654885847,0.055068952664927284
HC3,MultinomialNB,char3-5,classical,0.9448378680581438,0.9447854063905418,0.9447887811176975,0.9817495654885847,0.05516213194185615
HC3,SGD [modified_huber],TF-IDF,classical,0.9443719716734998,0.9443718736277974,0.9443719480072958,0.9862468823621445,0.055628028326500156
HC3,RidgeClassifier,TF-IDF,classical,0.940365262765561,0.940362412850921,0.9403631418988521,0.9847444774202534,0.05963473723443902
HC3,LogReg [liblinear],TF-IDF,classical,0.9369176295191949,0.9369176760742336,0.9369174712320633,0.9838062904785,0.06308237048080512
HC3,LogReg [saga],TF-IDF,classical,0.9369176295191949,0.9369176760742336,0.9369174712320633,0.983807714394418,0.06308237048080512
HC3,RandomForest,TF-IDF-s,classical,0.9366380916884085,0.9366347247452937,0.9366355477758328,0.9836290650411799,0.0633619083115915
HC3,LogReg [lbfgs],TF-IDF,classical,0.9365449124114796,0.9365448710906777,0.9365445680714648,0.9835008778788932,0.06345508758852036
HC3,SGD [hinge],TF-IDF,classical,0.9364517331345509,0.9364516404399112,0.9364513005595656,0.9838456739090155,0.06354826686544912
HC3,SGD [hinge],BoW,classical,0.9337495341036154,0.9337359587778502,0.933733870266194,0.9785293796397736,0.06625046589638461
HC3,SGD [log_loss],BoW,classical,0.9333768169959001,0.9333498868868289,0.9333469968263433,0.980117375820206,0.06662318300409986
HC3,PassiveAggressive,TF-IDF,classical,0.927506522549385,0.9274996588735015,0.9275009606051345,0.9790506544196005,0.07249347745061496
HC3,SGD [log_loss],TF-IDF,classical,0.9224748415952292,0.9224693485809842,0.922467838002067,0.9777552035010273,0.07752515840477081
HC3,MLP [adam],TF-IDF-s,classical,0.9106410734252702,0.9106137382976052,0.9106167602715179,0.9726910291734325,0.08935892657472977
HC3,BernoulliNB,char3-5,classical,0.9086843086097652,0.9086699524260115,0.9086674053611519,0.9500208985708225,0.09131569139023477
HC3,BernoulliNB,BoW,classical,0.8961051062243757,0.8957706455565321,0.8957583203727925,0.9690094424726681,0.10389489377562433
HC3,BernoulliNB,TF-IDF,classical,0.8961051062243757,0.8957706455565321,0.8957583203727925,0.9690094424726681,0.10389489377562433
HC3,AdaBoost,TF-IDF-s,classical,0.892005218039508,0.8918711799984393,0.8918631450205006,0.9616286090407895,0.10799478196049195
HC3,RidgeClassifier,BoW,classical,0.8867871785314946,0.8867068340288004,0.8867004064685848,0.9455235816972626,0.11321282146850542
HC3,ComplementNB,BoW,classical,0.8714125978382408,0.8713952857043301,0.8713919447662071,0.9304885924365407,0.12858740216175923
HC3,MultinomialNB,BoW,classical,0.871319418561312,0.8713023721632723,0.8712990533955124,0.9304886271661972,0.128680581438688
HC3,ComplementNB,TF-IDF,classical,0.867312709653373,0.8670924979262011,0.8671033118949463,0.9464744102339963,0.13268729034662696
HC3,MultinomialNB,TF-IDF,classical,0.8672195303764443,0.8669981520282373,0.867008999074252,0.9464744102339963,0.13278046962355572
HC3,DecisionTree [entropy],TF-IDF-s,classical,0.8616287737607157,0.8616143810702681,0.8616169979230768,0.8692790140667264,0.13837122623928433
HC3,MLP [sgd],TF-IDF-s,classical,0.8589265747297801,0.8587907606994031,0.8587814814799364,0.9344054725603588,0.14107342527021993
HC3,DecisionTree [gini],TF-IDF-s,classical,0.8544539694371972,0.8544527461689717,0.8544515229007463,0.8615803695478563,0.1455460305628028
